& Probates	Professional Services	1.18284048609
3D Printing	Local Services	0.532275612266
ATV Rentals/Tours	Active Life	15.7412825956
Acai Bowls	Food	10.6942067618
Accessories	Shopping	104.787706806
Accountants	Professional Services	24.9714651657
Acne Treatment	Beauty & Spas	2.128383133
Active Life	Fitness & Instruction	480.328758303
Acupuncture	Health & Medical	60.8471689402
Addiction Medicine	Health & Medical	0.277259732821
Adoption Services	Local Services	0.327262310313
Adult	Shopping	14.6983082102
Adult Education	Education	13.4050276054
Adult Entertainment	Nightlife	287.78435499
Advertising	Professional Services	20.3250205226
Aerial Fitness	Active Life	0.806384327786
Aerial Tours	Hotels & Travel	3.39011682873
Afghan	Halal	13.2724013794
African	Nightlife	21.8092959378
Agriturismi	Hotels & Travel	0.0810413853763
Air Duct Cleaning	Home Services	31.712707717
Aircraft Dealers	Automotive	0.0767471458965
Aircraft Repairs	Automotive	0.0533694288416
Airlines	Hotels & Travel	205.230877301
Airport Lounges	Nightlife	8.08054006258
Airport Shuttles	Hotels & Travel	147.786329776
Airport Terminals	Hotels & Travel	3.51945922435
Airports	Hotels & Travel	414.174333774
Airsoft	Active Life	0.507418524479
Allergists	Health & Medical	8.17897511326
Alsatian	Food	0.154156915206
Amateur Sports Teams	Active Life	17.5217611816
American (New)	Nightlife	1159.93330199
American (Traditional)	Nightlife	1106.48851835
Amusement Parks	Active Life	186.285871514
Anesthesiologists	Health & Medical	1.75519699153
Animal Physical Therapy	Pets	0.604017696352
Animal Shelters	Pets	19.9405083986
Antiques	Shopping	48.6263857471
Apartments	Home Services	517.551533481
Appliances	Shopping	64.5131040747
Appliances & Repair	Local Services	185.851556531
Appraisal Services	Local Services	5.09338399678
Aquarium Services	Pets	4.18182418674
Aquariums	Active Life	46.4856613426
Arabian	Mediterranean	10.4373751838
Arcades	Arts & Entertainment	67.4809315652
Archery	Active Life	7.08440935605
Architects	Professional Services	1.8116055569
Architectural Tours	Hotels & Travel	0.89074247994
Argentine	Latin American	14.7128158341
Armenian	Mediterranean	1.09450229589
Art Classes	Education	6.83549289795
Art Galleries	Arts & Entertainment	59.405862885
Art Museums	Arts & Entertainment	8.17338240563
Art Restoration	Local Services	0.830881685916
Art Schools	Education	7.29370337625
Art Space Rentals	Shopping	0.00589602681421
Art Supplies	Shopping	14.7542423509
Art Tours	Arts & Entertainment	0.227668408418
Artificial Turf	Home Services	10.8300220458
Arts & Crafts	Shopping	91.2174398154
Arts & Entertainment	Event Planning & Services	1109.16588715
Asian Fusion	Japanese	364.288719967
Assisted Living Facilities	Health & Medical	3.05063928217
Attraction Farms	Food	0.0657427940907
Auction Houses	Shopping	12.8713485872
Audiologist	Health & Medical	3.99156145003
Australian	Food	1.34932946703
Austrian	German	1.99470408013
Auto Customization	Automotive	62.2155937261
Auto Detailing	Automotive	258.568893174
Auto Electric Services	Automotive	1.20083655506
Auto Glass Services	Automotive	182.337851811
Auto Insurance	Financial Services	28.1579089987
Auto Loan Providers	Automotive	21.2190046925
Auto Parts & Supplies	Automotive	479.422289333
Auto Repair	Automotive	1778.46344337
Auto Security	Automotive	4.04887800559
Auto Upholstery	Automotive	3.30662039785
Automotive	Auto Repair	1778.46344337
Awnings	Local Services	1.83255195586
Ayurveda	Health & Medical	0.414208492101
Baby Gear & Furniture	Shopping	35.4734596067
Backflow Services	Home Services	0.360871550894
Backshop	Food	1.32326825068
Baden	German	0.268908834474
Badminton	Active Life	1.20222870172
Bagels	Food	163.294715634
Bail Bondsmen	Local Services	6.0981777283
Bakeries	Food	948.903154787
Bangladeshi	Indian	4.78553773297
Bankruptcy Law	Professional Services	10.137218274
Banks & Credit Unions	Financial Services	170.437200428
Bar Crawl	Nightlife	1.30173228465
Barbeque	Korean	227.72302138
Barbers	Beauty & Spas	818.741418769
Barre Classes	Active Life	20.0256329628
Bars	Nightlife	4554.34807237
Bartenders	Event Planning & Services	8.48129723647
Bartending Schools	Education	2.08616676514
Baseball Fields	Arts & Entertainment	8.67260486904
Basketball Courts	Active Life	0.727821025116
Basque	Spanish	9.0697939866
Battery Stores	Shopping	3.15602228616
Batting Cages	Active Life	2.9568391029
Bavarian	German	4.79602358382
Beach Bars	Nightlife	0.213438325834
Beach Equipment Rentals	Active Life	0.412424124107
Beach Volleyball	Food	0.000783862212534
Beaches	Active Life	6.77130939587
Beauty & Spas	Nail Salons	2496.93494985
Bed & Breakfast	Hotels & Travel	51.4484549356
Beer	Food	350.213166302
Beer Bar	Nightlife	88.6759687929
Beer Garden	German	16.3547516696
Beer Gardens	Nightlife	42.8041401145
Beer Hall	Mediterranean	1.60319547971
Beer Tours	Hotels & Travel	0.682728088092
Behavior Analysts	Health & Medical	0.267176330848
Belgian	Breakfast & Brunch	9.41877467246
Bespoke Clothing	Shopping	10.1781495605
Beverage Store	Food	3.61472961062
Bicycles	Shopping	0.702411451871
Bike Rentals	Active Life	33.8234677128
Bike Repair	Shopping	0.145930426648
Bike Repair/Maintenance	Local Services	23.2036160557
Bike Sharing	Hotels & Travel	0.388198106322
Bike Shop	Shopping	0.670761451871
Bikes	Shopping	71.33551433
Bingo Halls	Arts & Entertainment	0.596010263819
Bird Shops	Pets	1.0198008015
Bistros	Nightlife	7.89728255828
Blood & Plasma Donation Centers	Health & Medical	5.05480057459
Blow Dry/Out Services	Beauty & Spas	104.385307791
Boat Charters	Event Planning & Services	5.05404150853
Boat Dealers	Automotive	4.40905645555
Boat Repair	Professional Services	5.55220106212
Boat Tours	Hotels & Travel	0.480356217024
Boating	Active Life	13.3420834262
Body Shops	Automotive	278.879883858
Bookbinding	Local Services	0.439678190606
Bookkeepers	Professional Services	2.09989693293
Books	Shopping	54.1180213826
Bookstores	Shopping	17.5485692815
Boot Camps	Active Life	32.7964397473
Botanical Gardens	Arts & Entertainment	21.9069806975
Boudoir Photography	Event Planning & Services	1.05454780372
Bounce House Rentals	Event Planning & Services	1.29784713421
Bowling	Active Life	44.4990910473
Boxing	Active Life	15.9064238588
Brasseries	French	23.4248152703
Brazilian	Steakhouses	90.8980205959
Brazilian Jiu-jitsu	Active Life	2.52928426827
Breakfast & Brunch	American (Traditional)	1066.49130722
Breweries	Food	274.879579845
Brewing Supplies	Shopping	2.57552477178
Bridal	Shopping	180.87005288
British	Nightlife	61.1614483439
Bubble Soccer	Active Life	0.229494683318
Bubble Tea	Food	125.886509972
Buddhist Temples	Religious Organizations	0.49696306807
Buffets	Breakfast & Brunch	328.533867909
Building Supplies	Home Services	51.2436011353
Bulgarian	American (Traditional)	0.325679821555
Burgers	American (Traditional)	826.913072255
Burmese	Sushi Bars	2.45278163205
Bus Tours	Hotels & Travel	15.1631743149
Buses	Hotels & Travel	13.4442414286
Business Consulting	Professional Services	6.41811910298
Business Financing	Financial Services	0.455975929274
Business Law	Professional Services	4.44824816504
Butcher	Food	29.7111053788
CPR Classes	Education	3.99188095449
CSA	Food	1.63116750254
Cabaret	Arts & Entertainment	5.13029503364
Cabinetry	Home Services	17.4460727194
Cable Cars	Hotels & Travel	0.0621369941155
Cafes	Food	486.320354411
Cafeteria	American (Traditional)	5.27010968567
Cajun/Creole	Seafood	141.551017664
Calligraphy	Local Services	0.026974111956
Cambodian	Thai	8.64670661714
Campgrounds	Hotels & Travel	22.1711564629
Canadian (New)	Nightlife	105.795071005
Candle Stores	Shopping	0.0374969907079
Candy Stores	Food	48.6958879099
Cannabis Clinics	Health & Medical	44.0433581452
Cannabis Collective	Shopping	0.260865048033
Cannabis Dispensaries	Shopping	18.5383468099
Cannabis Tours	Health & Medical	0.554036132446
Cantonese	Chinese	66.8718767602
Car Auctions	Automotive	0.939507028811
Car Brokers	Automotive	1.06715086616
Car Buyers	Automotive	11.2469592374
Car Dealers	Automotive	965.378074754
Car Inspectors	Automotive	2.3816403207
Car Rental	Hotels & Travel	1361.0810848
Car Share Services	Automotive	3.03157745172
Car Stereo Installation	Automotive	46.629650709
Car Wash	Automotive	386.170222917
Car Window Tinting	Automotive	26.7262592008
Cardio Classes	Active Life	5.78866259545
Cardiologists	Health & Medical	7.9673352261
Cards & Stationery	Shopping	10.1438070976
Career Counseling	Professional Services	11.2357506252
Caribbean	Food	35.0750895748
Caricatures	Event Planning & Services	2.61390327997
Carousels	Food	0.0191187511913
Carpenters	Home Services	4.37232410338
Carpet Cleaning	Local Services	151.461695285
Carpet Installation	Home Services	19.1165439354
Carpeting	Home Services	50.7685859452
Casinos	Arts & Entertainment	1061.4775461
Castles	Arts & Entertainment	1.52055902879
Caterers	Event Planning & Services	439.443951257
Challenge Courses	Active Life	50.4297430667
Champagne Bars	Nightlife	7.37515577389
Check Cashing/Pay-day Loans	Financial Services	14.4182401305
Cheese Shops	Food	21.5973287547
Cheese Tasting Classes	Food	0.537635114279
Cheesesteaks	American (New)	41.8273260473
Chicken Shop	Fast Food	31.6074406644
Chicken Wings	Pizza	195.518098596
Child Care & Day Care	Local Services	51.2256545442
Childbirth Education	Health & Medical	0.671571202596
Childproofing	Home Services	0.809373007659
Children's Clothing	Shopping	20.9168381637
Children's Museums	Arts & Entertainment	6.00264395549
Chimney Sweeps	Home Services	2.90537227161
Chinese	Asian Fusion	333.983498636
Chinese Martial Arts	Active Life	0.529533965079
Chiropractors	Health & Medical	243.186407459
Chocolatiers & Shops	Food	63.5074523498
Choirs	Arts & Entertainment	0.0222704468487
Christmas Markets	Arts & Entertainment	1.30218143308
Christmas Trees	Shopping	5.21410351726
Churches	Religious Organizations	64.846150017
Cideries	Food	0.96814164256
Cinema	Arts & Entertainment	162.115689242
Circuit Training Gyms	Active Life	0.613225870218
Civic Center	Arts & Entertainment	0.232974833457
Climbing	Active Life	12.5779420762
Clock Repair	Local Services	0.657117751997
Clothing Rental	Shopping	0.894792778898
Clowns	Event Planning & Services	0.824566709391
Club Crawl	Nightlife	1.77440659271
Cocktail Bars	Nightlife	476.98254301
Coffee & Tea	Food	2028.18279191
Coffee & Tea Supplies	Food	3.47520259361
Coffee Roasteries	Food	29.4188459876
Coffeeshops	Food	7.77760172692
College Counseling	Education	1.38512621812
Colleges & Universities	Education	64.7547272935
Colombian	Latin American	15.7952042442
Colonics	Health & Medical	6.91158924037
Comedy Clubs	Nightlife	64.8347656887
Comfort Food	Food	72.4102033186
Comic Books	Shopping	11.5920871697
Commercial Real Estate	Home Services	15.2174316199
Commercial Truck Dealers	Automotive	3.45232042609
Commercial Truck Repair	Automotive	4.01071570409
Commissioned Artists	Professional Services	0.52346109674
Community Centers	Public Services & Government	0.978499005051
Community Gardens	Food	0.0781856354009
Community Service/Non-Profit	Local Services	22.6163346722
Computers	Shopping	75.556634506
Concept Shops	Shopping	0.285017730861
Concierge Medicine	Health & Medical	0.64378494769
Condominiums	Home Services	2.17431572085
Contract Law	Professional Services	0.613408929491
Contractors	Home Services	396.772436611
Convenience Stores	Food	71.197031551
Cooking Classes	Shopping	3.15512676335
Cooking Schools	Education	8.39472185634
Cosmetic Dentists	Health & Medical	203.111911074
Cosmetic Surgeons	Health & Medical	37.596288321
Cosmetics & Beauty Supply	Beauty & Spas	215.451888583
Cosmetology Schools	Education	13.6400869671
Costumes	Shopping	6.37215772419
Counseling & Mental Health	Health & Medical	40.8095045725
Countertop Installation	Home Services	6.39148054398
Country Clubs	Arts & Entertainment	3.09562821339
Country Dance Halls	Nightlife	6.71992731949
Couriers & Delivery Services	Local Services	77.9324558998
Courthouses	Public Services & Government	2.80115272068
Crane Services	Local Services	0.319099088147
Cremation Services	Local Services	3.49303097471
Creperies	Food	58.5466948522
Criminal Defense Law	Professional Services	31.3062590151
Cryotherapy	Health & Medical	3.4548968811
Cuban	Food	10.4339944549
Cultural Center	Arts & Entertainment	1.71319961346
Cupcakes	Food	85.2960888726
Currency Exchange	Financial Services	2.93405552157
Curry Sausage	Fast Food	2.53675114161
Custom Cakes	Food	22.9296330059
Customized Merchandise	Shopping	11.1524282759
Cycling Classes	Active Life	17.8143532967
Czech	Sandwiches	0.720424789663
Czech/Slovakian	Sandwiches	0.0903690284697
DIY Auto Shop	Automotive	0.250739571474
DJs	Event Planning & Services	40.6013710007
DUI Law	Professional Services	19.5465527675
DUI Schools	Automotive	0.0755857898715
Damage Restoration	Home Services	55.5962719343
Dance Clubs	Nightlife	728.978376806
Dance Schools	Education	5.57161448311
Dance Studios	Active Life	24.6400589103
Dance Wear	Shopping	0.190742984559
Data Recovery	Local Services	25.2539111246
Day Camps	Active Life	1.41573737021
Day Spas	Beauty & Spas	786.371657761
Debt Relief Services	Financial Services	2.34712957302
Decks & Railing	Home Services	2.5341785599
Delicatessen	Food	17.2400977212
Delis	Sandwiches	221.238844052
Demolition Services	Home Services	1.33542065928
Dental Hygienists	Health & Medical	1.58716997169
Dentists	Health & Medical	459.376352457
Department Stores	Shopping	84.017774697
Departments of Motor Vehicles	Public Services & Government	27.516912326
Dermatologists	Health & Medical	40.4557681266
Desserts	Food	1006.00098287
Diagnostic Imaging	Health & Medical	18.5176785119
Diagnostic Services	Health & Medical	38.8638883883
Dialysis Clinics	Health & Medical	0.0555762194157
Dietitians	Health & Medical	0.510698148705
Digitizing Services	Professional Services	0.0932465043468
Dim Sum	Chinese	171.966211333
Diners	Breakfast & Brunch	383.937186445
Dinner Theater	Nightlife	1.6750745631
Disc Golf	Active Life	2.53964099005
Discount Store	Shopping	40.2096452497
Distilleries	Food	6.26857624029
Dive Bars	Nightlife	114.913725805
Dive Shops	Shopping	0.223971350992
Diving	Active Life	3.30117264804
Divorce & Family Law	Professional Services	18.368489791
Do-It-Yourself Food	Food	32.5495922424
Doctors	Health & Medical	663.365473878
Dog Parks	Active Life	11.4849010188
Dog Walkers	Pets	39.3726185654
Dominican	Caribbean	3.3226792432
Donairs	Food	3.01247116428
Donuts	Food	227.541477463
Door Sales/Installation	Home Services	34.678567414
Doulas	Health & Medical	3.54656525429
Drive-In Theater	Arts & Entertainment	2.59349205543
Drive-Thru Bars	Indian	0.528113800014
Driving Schools	Education	19.3546253236
Drugstores	Shopping	137.664053503
Dry Cleaning	Local Services	20.3802463351
Dry Cleaning & Laundry	Local Services	169.68770801
Drywall Installation & Repair	Home Services	18.5277481186
Dumpster Rental	Local Services	1.7899299176
Duplication Services	Professional Services	0.18918847049
Duty-Free Shops	Shopping	0.0187554732079
EV Charging Stations	Automotive	0.131526844514
Ear Nose & Throat	Health & Medical	12.0778580883
Eastern European	Polish	0.445763436539
Eastern German	Event Planning & Services	0.09375
Editorial Services	Professional Services	5.67302098216
Education	Specialty Schools	109.730362831
Educational Services	Education	17.8263496124
Egyptian	Middle Eastern	3.2926657836
Elder Care Planning	Health & Medical	0.141097941708
Electricians	Home Services	101.821748812
Electronics	Shopping	158.720581904
Electronics Repair	Local Services	106.059187464
Elementary Schools	Education	26.7804491811
Embassy	Public Services & Government	1.13525959682
Embroidery & Crochet	Shopping	3.53322471596
Emergency Medicine	Health & Medical	1.04460314223
Emergency Pet Hospital	Pets	12.0109668272
Emergency Rooms	Health & Medical	13.6258589438
Empanadas	Food	5.97035574484
Employment Agencies	Professional Services	36.7568900256
Employment Law	Professional Services	3.73644185195
Endocrinologists	Health & Medical	7.82108267914
Endodontists	Health & Medical	41.4550944671
Engraving	Local Services	2.12835355169
Environmental Abatement	Home Services	0.947780911955
Environmental Testing	Home Services	0.285946509774
Erotic Massage	Beauty & Spas	1.45251322442
Escape Games	Active Life	78.2672736417
Estate Liquidation	Home Services	1.43041874825
Estate Planning Law	Professional Services	6.19501357244
Ethic Grocery	Food	1.07612915055
Ethiopian	African	7.91916893906
Ethnic Food	Food	157.55911961
Ethnic Grocery	Food	1.51436519133
Event Photography	Event Planning & Services	64.3692424865
Event Planning & Services	Hotels & Travel	2887.15554007
Excavation Services	Home Services	0.0902180305852
Eyebrow Services	Beauty & Spas	51.7574983192
Eyelash Service	Beauty & Spas	415.443101616
Eyewear & Opticians	Shopping	168.18471688
Fabric Stores	Shopping	11.8794839357
Face Painting	Event Planning & Services	5.2883629713
Falafel	Mediterranean	22.2277018924
Family Practice	Health & Medical	87.2952594143
Farm Equipment Repair	Local Services	0.603028941278
Farmers Market	Food	45.7559300567
Farming Equipment	Shopping	0.409955165205
Farms	Arts & Entertainment	0.866514225036
Fashion	Shopping	506.451961671
Fast Food	Burgers	404.860709893
Fences & Gates	Home Services	14.9120121611
Fencing Clubs	Active Life	0.15645409587
Feng Shui	Professional Services	0.133038805566
Fertility	Health & Medical	10.2201897191
Festivals	Arts & Entertainment	47.1868745224
Filipino	Asian Fusion	24.6063702343
Financial Advising	Financial Services	21.4549930205
Financial Services	Banks & Credit Unions	170.437200428
Fingerprinting	Local Services	2.4857591541
Fire Departments	Shopping	0.0249570523395
Fire Protection Services	Home Services	4.31971397997
Firearm Training	Education	5.81272023888
Fireplace Services	Home Services	6.41879577419
Firewood	Home Services	1.43638132546
Fireworks	Shopping	0.304889373167
First Aid Classes	Education	2.68045932152
Fischbroetchen	Food	0.0700543107251
Fish & Chips	Seafood	56.4632415755
Fishing	Active Life	2.56305243889
Fishmonger	Food	0.0746414258722
Fitness & Instruction	Active Life	480.328758303
Fitness/Exercise Equipment	Shopping	3.49101920248
Flatbread	Beer Garden	0.824909668502
Flea Markets	Shopping	7.00960464588
Flight Instruction	Education	4.43310170937
Float Spa	Health & Medical	5.26586789718
Flooring	Home Services	86.7615680931
Florists	Shopping	173.694587843
Flowers	Shopping	0.85238227367
Flowers & Gifts	Shopping	242.677572953
Flyboarding	Active Life	0.0767960332676
Fondue	American (New)	11.2125030166
Food	Coffee & Tea	2028.18279191
Food Banks	Local Services	0.151090896881
Food Court	Food	5.88835942837
Food Delivery Services	Food	211.200699368
Food Stands	Food	23.0660717296
Food Tours	Hotels & Travel	16.0681450191
Food Trucks	Food	119.200997435
Formal Wear	Shopping	25.3622321023
Framing	Shopping	6.01575997643
Free Diving	Active Life	0.117622131873
French	Breakfast & Brunch	213.170757162
Friterie	Food	0.148472566591
Fruits & Veggies	Food	27.0945232723
Fuel Docks	Automotive	1.08101679121
Fun Fair	Arts & Entertainment	0.37460365053
Funeral Services & Cemeteries	Local Services	32.1456443488
Fur Clothing	Shopping	0.347914556958
Furniture Assembly	Home Services	7.24665409179
Furniture Rental	Local Services	0.643361673164
Furniture Repair	Local Services	3.65330961198
Furniture Reupholstery	Local Services	23.5153799749
Furniture Stores	Shopping	192.820730488
Game Meat	Canadian (New)	0.898664877664
Game Truck Rental	Event Planning & Services	0.210927175516
Garage Door Services	Home Services	136.240363614
Gardeners	Home Services	26.6848694379
Gas Stations	Automotive	97.1748381975
Gastroenterologist	Health & Medical	4.99607472202
Gastropubs	Nightlife	211.624961868
Gay Bars	Nightlife	47.4120581367
Gelato	Food	58.5504078999
General Dentistry	Health & Medical	317.250273525
General Festivals	Arts & Entertainment	0.379158393022
General Litigation	Professional Services	9.15334040263
Generator Installation/Repair	Local Services	0.622866187566
Georgian	Greek	0.0586064697406
German	Nightlife	43.4334482186
Gerontologists	Health & Medical	0.437969342587
Gift Shops	Shopping	37.8183299458
Glass & Mirrors	Home Services	17.586176933
Gluten-Free	Food	91.1202537792
Go Karts	Active Life	14.1398217862
Gold Buyers	Shopping	15.0285555077
Golf	Active Life	141.863731318
Golf Cart Rentals	Event Planning & Services	0.273698195783
Golf Equipment	Shopping	4.72743616341
Golf Equipment Shops	Shopping	1.69330471266
Golf Lessons	Active Life	3.45357329252
Graphic Design	Professional Services	34.6416556347
Greek	Mediterranean	259.304245831
Grilling Equipment	Shopping	0.519118412317
Grocery	Food	341.184990769
Guamanian	Food	0.535105024805
Guest Houses	Hotels & Travel	13.2244345295
Guitar Stores	Local Services	4.65814378353
Gun/Rifle Ranges	Active Life	101.184859784
Guns & Ammo	Shopping	105.627137981
Gutter Services	Home Services	13.3828828249
Gymnastics	Active Life	7.01125277549
Gyms	Active Life	259.286595945
Habilitative Services	Health & Medical	0.0332585066163
Hainan	Chinese	0.240456723742
Hair Extensions	Beauty & Spas	157.122819707
Hair Loss Centers	Beauty & Spas	4.48121506803
Hair Removal	Beauty & Spas	760.982362183
Hair Salons	Beauty & Spas	1850.90977775
Hair Stylists	Beauty & Spas	310.450433941
Haitian	Caribbean	1.20656456602
Hakka	Chinese	3.27435449401
Halal	Indian	88.3345923431
Halotherapy	Beauty & Spas	0.126006912702
Handyman	Home Services	112.359582292
Hang Gliding	Active Life	0.152051981604
Hardware Stores	Shopping	36.8432900323
Hats	Shopping	5.82805257039
Haunted Houses	Arts & Entertainment	12.5300890065
Hawaiian	Food	60.0275911938
Hazardous Waste Disposal	Local Services	0.348095888841
Head Shops	Shopping	9.56801819729
Health & Medical	Doctors	663.365473878
Health Insurance Offices	Health & Medical	1.97880162568
Health Markets	Food	58.1693307355
Health Retreats	Hotels & Travel	7.654492051
Hearing Aid Providers	Health & Medical	4.24310727711
Hearing Aids	Health & Medical	0.145212551638
Heating & Air Conditioning/HVAC	Home Services	506.84284645
Henna Artists	Beauty & Spas	12.0323903796
Hepatologists	Health & Medical	0.616302306033
Herbal Shops	Health & Medical	0.110660901977
Herbs & Spices	Food	7.21601946478
High Fidelity Audio Equipment	Shopping	1.86406035119
Hiking	Active Life	46.2582877286
Himalayan/Nepalese	Indian	20.6149829131
Hindu Temples	Religious Organizations	1.37728913677
Historical Tours	Hotels & Travel	6.50872541702
Hobby Shops	Shopping	69.4587655604
Holiday Decorating Services	Home Services	1.03374578056
Holiday Decorations	Shopping	0.588732667588
Holistic Animal Care	Pets	1.15610864338
Home & Garden	Shopping	459.306624447
Home & Rental Insurance	Financial Services	21.3506854446
Home Automation	Home Services	16.4174732801
Home Cleaning	Home Services	253.721816629
Home Decor	Shopping	123.861000998
Home Developers	Home Services	0.0163499552674
Home Energy Auditors	Home Services	5.21927253883
Home Health Care	Health & Medical	38.1918807624
Home Inspectors	Home Services	58.6562584784
Home Network Installation	Home Services	3.06921939835
Home Organization	Home Services	16.9388847571
Home Services	Real Estate	929.268262086
Home Staging	Home Services	8.86616662853
Home Theatre Installation	Home Services	18.5618402586
Home Window Tinting	Home Services	37.3084448233
Homeless Shelters	Local Services	0.195268667556
Homeowner Association	Home Services	0.521232645828
Honduran	Latin American	0.847977887849
Honey	Food	0.175598628924
Hong Kong Style Cafe	Chinese	3.71891048539
Hookah Bars	Nightlife	63.0016521331
Horse Boarding	Pets	1.92976523092
Horse Equipment Shops	Shopping	0.471805835767
Horse Racing	Active Life	0.903724078984
Horseback Riding	Active Life	27.0703634844
Hospice	Health & Medical	7.73311800644
Hospitals	Health & Medical	113.544271172
Hostels	Hotels & Travel	48.7722455084
Hot Air Balloons	Active Life	9.0453721327
Hot Dogs	Burgers	85.5881976665
Hot Pot	Chinese	37.7882778438
Hot Tub & Pool	Shopping	23.0081019021
Hotel bar	Nightlife	0.57762530061
Hotels	Hotels & Travel	2797.60557324
Hotels & Travel	Event Planning & Services	2887.15554007
House Sitters	Home Services	0.987758619848
Hungarian	American (New)	1.77694932791
Hunting & Fishing Supplies	Shopping	2.26735059873
Hybrid Car Repair	Automotive	0.108638414764
Hydro-jetting	Home Services	4.28380754403
Hydroponics	Shopping	1.0299135334
Hydrotherapy	Health & Medical	1.818197764
Hypnosis/Hypnotherapy	Health & Medical	3.78406882648
IP & Internet Law	Professional Services	0.223596361564
IT Services & Computer Repair	Local Services	202.907545533
IV Hydration	Health & Medical	7.33738010767
Iberian	Breakfast & Brunch	0.437428049932
Ice Cream & Frozen Yogurt	Food	722.789173029
Ice Delivery	Food	0.112791868357
Immigration Law	Professional Services	6.32890739314
Immunodermatologists	Health & Medical	0.104086544678
Imported Food	Food	46.082900773
Indian	Pakistani	172.295133197
Indonesian	Asian Fusion	2.717294223
Indoor Landscaping	Home Services	0.026411684088
Indoor Playcentre	Food	0.155972387188
Infectious Disease Specialists	Health & Medical	0.239975666788
Installment Loans	Financial Services	2.11601928932
Insulation Installation	Home Services	7.1216034795
Insurance	Financial Services	144.982536843
Interior Design	Home Services	40.7258299426
Interlock Systems	Automotive	0.033295083387
Internal Medicine	Health & Medical	30.5561076826
International	German	14.6099127951
International Grocery	Food	6.97374504967
Internet Cafes	Food	26.4056009653
Internet Service Providers	Home Services	67.1287353023
Interval Training Gyms	Active Life	24.428645581
Investing	Financial Services	10.3124274328
Irish	Nightlife	72.60150299
Irish Pub	Nightlife	27.9856589501
Irrigation	Home Services	32.7721404804
Island Pub	Nightlife	0.0960261736121
Italian	Pizza	1246.70376445
Izakaya	Japanese	5.65992498829
Japanese	Sushi Bars	1350.075178
Japanese Curry	Food	0.166590421997
Jazz & Blues	Nightlife	34.7492859913
Jet Skis	Active Life	3.3711908819
Jewelry	Shopping	277.413894461
Jewelry Repair	Local Services	29.5447330235
Juice Bars & Smoothies	Food	399.812294975
Junk Removal & Hauling	Local Services	51.2208635471
Junkyards	Local Services	0.252202970427
Karaoke	Nightlife	84.4179894152
Karate	Active Life	2.9548395934
Kebab	Food	5.3486549404
Keys & Locksmiths	Home Services	238.490196813
Kickboxing	Active Life	2.38891143202
Kids Activities	Active Life	27.301122066
Kiosk	Food	0.068724486349
Kitchen & Bath	Shopping	37.939402032
Kitchen Incubators	Home Services	0.582734948788
Knife Sharpening	Local Services	1.17163177187
Knitting Supplies	Shopping	11.2854923607
Kombucha	Food	0.218371681959
Korean	Barbeque	227.72302138
Kosher	Mediterranean	13.3744672007
LAN Centers	Arts & Entertainment	0.260099715726
Laboratory Testing	Health & Medical	12.9421862648
Lactation Services	Health & Medical	5.10951130516
Lakes	Active Life	6.91504521381
Land Surveying	Home Services	0.215561132998
Landmarks & Historical Buildings	Public Services & Government	63.6562131925
Landscape Architects	Home Services	25.6323374294
Landscaping	Home Services	156.742166132
Language Schools	Education	2.31616594082
Laotian	Thai	9.35759995775
Laser Eye Surgery/Lasik	Health & Medical	23.0554900625
Laser Hair Removal	Beauty & Spas	52.0207256082
Laser Tag	Active Life	5.5233447856
Latin American	Mexican	133.080202501
Laundromat	Local Services	11.5158551898
Laundry Services	Local Services	164.52731487
Lawyers	Professional Services	96.2927240655
Leather Goods	Shopping	20.6097089674
Lebanese	Middle Eastern	57.5858746037
Legal Services	Professional Services	17.2015836038
Leisure Centers	Active Life	7.18770045967
Libraries	Public Services & Government	15.887017318
Lice Services	Health & Medical	4.1031659887
Life Coach	Professional Services	21.2958995613
Life Insurance	Financial Services	8.86954710987
Lighting Fixtures & Equipment	Home Services	37.6340256419
Limos	Hotels & Travel	83.1920843092
Linens	Shopping	0.0248964504143
Lingerie	Shopping	20.2394697345
Live/Raw Food	Vegan	19.8438676026
Livestock Feed & Supply	Shopping	1.14753430466
Local Fish Stores	Pets	4.19979102087
Local Flavor	Food	56.5503859202
Local Services	Home Services	446.8265819
Lounges	Nightlife	616.3099205
Luggage	Shopping	8.71961226083
Luggage Storage	Home Services	0.235969823941
Macarons	Food	13.6623904588
Machine & Tool Rental	Local Services	0.540407542368
Machine Shops	Local Services	0.0619954230593
Magicians	Event Planning & Services	39.4275792603
Mags	Shopping	54.1180213826
Mailbox Centers	Local Services	6.72206334249
Makeup Artists	Beauty & Spas	232.049854301
Malaysian	Chinese	18.9424640456
Marinas	Automotive	1.27338910443
Market Stalls	Food	1.43165945747
Marketing	Professional Services	56.1393927266
Martial Arts	Active Life	55.4818345564
Masonry/Concrete	Home Services	26.4145908541
Mass Media	Print Media	16.2054975437
Massage	Beauty & Spas	578.400493282
Massage Schools	Education	1.72551538099
Massage Therapy	Health & Medical	190.202498819
Matchmakers	Professional Services	5.45003788732
Maternity Wear	Shopping	3.83117992925
Mattresses	Shopping	113.187985986
Mauritius	Indian	0.135514891306
Meat Shops	Food	52.9728139755
Mediators	Professional Services	0.560216204941
Medical Cannabis Referrals	Health & Medical	1.99321650233
Medical Centers	Health & Medical	228.503772904
Medical Foot Care	Beauty & Spas	0.0169346973541
Medical Law	Professional Services	0.589541325483
Medical Spas	Beauty & Spas	123.298209404
Medical Supplies	Shopping	21.0063200254
Medical Transportation	Health & Medical	5.44371767728
Meditation Centers	Active Life	6.09281869968
Mediterranean	Greek	259.304245831
Men's Clothing	Shopping	101.68241047
Men's Hair Salons	Beauty & Spas	124.609211425
Metal Fabricators	Local Services	5.04168873953
Metro Stations	Hotels & Travel	0.0460205562889
Mexican	Nightlife	544.994049607
Middle Eastern	Mediterranean	206.845941305
Middle Schools & High Schools	Education	9.53896388082
Midwives	Health & Medical	13.3305094096
Military Surplus	Shopping	0.417857994849
Milkshake Bars	Food	0.0844904416237
Minho	Shopping	0.00805390826247
Mini Golf	Active Life	20.819592881
Mobile Dent Repair	Automotive	13.4257421764
Mobile Home Dealers	Home Services	0.196323740638
Mobile Home Parks	Home Services	0.116370965899
Mobile Phone Accessories	Shopping	16.8478269415
Mobile Phone Repair	Local Services	113.54489141
Mobile Phones	Shopping	171.453962402
Mobility Equipment Sales & Services	Automotive	0.95432576345
Modern European	Food	15.8753691513
Mongolian	Chinese	13.5712114208
Montessori Schools	Education	2.03996771545
Moroccan	Mediterranean	14.5803373067
Mortgage Brokers	Home Services	85.6950546963
Mortgage Lenders	Financial Services	5.03420398215
Mortuary Services	Local Services	1.05749570842
Mosques	Religious Organizations	0.531878424936
Motorcycle Dealers	Automotive	69.7093911289
Motorcycle Gear	Shopping	10.3702887537
Motorcycle Rental	Hotels & Travel	13.7890126978
Motorcycle Repair	Automotive	68.6589688154
Motorsport Vehicle Dealers	Automotive	1.41126055798
Motorsport Vehicle Repairs	Automotive	0.93722883402
Mountain Biking	Active Life	8.38609370079
Movers	Home Services	492.754648151
Muay Thai	Active Life	0.825209782586
Mulled Wine	Swabian	0.0271574900208
Museums	Arts & Entertainment	171.981165362
Music & DVDs	Shopping	16.5684724446
Music & Video	Shopping	54.1180213826
Music Production Services	Professional Services	0.544717781907
Music Venues	Nightlife	286.290419027
Musical Instrument Services	Local Services	10.0107350679
Musical Instruments & Teachers	Shopping	46.0401868108
Musicians	Event Planning & Services	7.69741453814
Nail Salons	Beauty & Spas	2496.93494985
Nail Technicians	Beauty & Spas	24.1158740539
Nanny Services	Local Services	4.94406738799
Naturopathic/Holistic	Health & Medical	34.3131373569
Neurologist	Health & Medical	9.0832557742
Neuropathologists	Health & Medical	0.124014603483
Neurotologists	Health & Medical	0.60687935737
New Mexican Cuisine	Mexican	52.9030085124
Newspapers & Magazines	Shopping	1.36653426119
Nicaraguan	Latin American	1.57357179595
Nightlife	Bars	4554.34807237
Noodles	Chinese	110.042891408
Notaries	Local Services	35.9174584404
Nurse Practitioner	Health & Medical	0.485707490661
Nurseries & Gardening	Shopping	42.6828627987
Nursing Schools	Education	0.229041000643
Nutritionists	Health & Medical	36.4320514869
Observatories	Arts & Entertainment	6.65075723432
Obstetricians & Gynecologists	Health & Medical	77.4959291492
Occupational Therapy	Health & Medical	8.23456582998
Office Cleaning	Home Services	48.6400927209
Office Equipment	Shopping	28.6856126856
Officiants	Event Planning & Services	13.0542330406
Oil Change Stations	Automotive	534.988039721
Olive Oil	Food	2.2810634201
Oncologist	Health & Medical	2.10208650669
Opera & Ballet	Arts & Entertainment	2.71812557103
Ophthalmologists	Health & Medical	28.8397247087
Optometrists	Health & Medical	192.418687017
Oral Surgeons	Health & Medical	74.581883763
Organic Stores	Food	22.916668177
Oriental	Nightlife	0.200079104362
Orthodontists	Health & Medical	115.258536667
Orthopedists	Health & Medical	28.214061647
Orthotics	Health & Medical	3.0746426791
Osteopathic Physicians	Health & Medical	3.23830728556
Osteopaths	Food	0.0195301148863
Outdoor Furniture Stores	Shopping	4.60750705949
Outdoor Gear	Shopping	25.6158616756
Outdoor Movies	Food	0.059344181094
Outlet Stores	Shopping	28.0177449971
Oxygen Bars	Health & Medical	2.55801682114
Packing Services	Home Services	30.503519944
Packing Supplies	Shopping	5.45136817859
Paddleboarding	Active Life	4.25652240311
Pain Management	Health & Medical	8.659391458
Paint & Sip	Arts & Entertainment	5.31235553066
Paint Stores	Shopping	2.04540679095
Paint-Your-Own Pottery	Shopping	1.62371399201
Paintball	Active Life	6.04444412655
Painters	Home Services	89.9238795698
Pakistani	Indian	172.295133197
Palatine	German	0.569229458931
Pan Asian	Asian Fusion	17.3854517209
Parent Cafes	Food	0.0385791056879
Parenting Classes	Education	0.182513503375
Parking	Automotive	45.1630969202
Parks	Active Life	89.982110861
Party & Event Planning	Event Planning & Services	239.687930765
Party Bike Rentals	Event Planning & Services	1.8903501228
Party Bus Rentals	Event Planning & Services	23.7482625402
Party Characters	Event Planning & Services	1.95745720707
Party Equipment Rentals	Event Planning & Services	32.6902539037
Party Supplies	Event Planning & Services	33.7012411606
Passport & Visa Services	Hotels & Travel	0.843107247112
Pasta Shops	Food	16.741709925
Patent Law	Professional Services	0.0104630175176
Pathologists	Health & Medical	0.102138904131
Patio Coverings	Home Services	7.36607174865
Patisserie/Cake Shop	Food	17.9660079765
Pawn Shops	Shopping	52.3795178955
Payroll Services	Professional Services	6.1941428751
Pediatric Dentists	Health & Medical	70.1875094029
Pediatricians	Health & Medical	48.2653273675
Pedicabs	Hotels & Travel	0.393391915852
Pensions	Event Planning & Services	0.0991198232283
Performing Arts	Arts & Entertainment	1044.24801628
Perfume	Shopping	0.578381352148
Periodontists	Health & Medical	30.8326514197
Permanent Makeup	Beauty & Spas	73.5331194312
Persian/Iranian	Middle Eastern	38.4746333042
Personal Assistants	Professional Services	4.5146641872
Personal Care Services	Health & Medical	2.62182248127
Personal Chefs	Event Planning & Services	9.3250952962
Personal Injury Law	Professional Services	37.11533884
Personal Shopping	Shopping	12.7817232213
Peruvian	Latin American	22.6411759679
Pest Control	Local Services	285.531916325
Pet Adoption	Pets	14.1176772887
Pet Boarding/Pet Sitting	Pets	201.047994449
Pet Breeders	Pets	3.89230857969
Pet Cremation Services	Pets	2.49148074694
Pet Groomers	Pets	248.95941268
Pet Hospice	Pets	0.961572211191
Pet Insurance	Pets	3.97516701772
Pet Photography	Pets	1.29229977549
Pet Services	Pets	474.335741486
Pet Stores	Pets	188.264199744
Pet Training	Pets	73.0822038361
Pet Transportation	Pets	2.52500393676
Pets	Pet Services	474.335741486
Petting Zoos	Active Life	0.909740012001
Pharmacy	Health & Medical	3.8378229925
Phlebologists	Health & Medical	0.0949774875353
Photo Booth Rentals	Event Planning & Services	24.4781414182
Photographers	Event Planning & Services	155.308559868
Photography Stores & Services	Shopping	73.3927401544
Physical Therapy	Health & Medical	95.3067866299
Piano Bars	Nightlife	14.9679301871
Piano Services	Local Services	2.05028575598
Piano Stores	Shopping	0.3135928736
Pick Your Own Farms	Food	0.297717162169
Piercing	Beauty & Spas	176.942242617
Pilates	Active Life	34.6232179773
Pita	Sandwiches	0.380728651086
Pizza	Italian	1246.70376445
Placenta Encapsulations	Health & Medical	1.37002724418
Planetarium	Arts & Entertainment	0.431795635401
Playgrounds	Active Life	18.1394491536
Plumbing	Home Services	332.921700643
Plus Size Fashion	Shopping	10.0284050751
Podiatrists	Health & Medical	16.0152309711
Poke	Food	43.737281876
Pole Dancing Classes	Active Life	1.96036219875
Police Departments	Public Services & Government	10.9698174551
Polish	French	6.62706756659
Pool & Billiards	Shopping	5.41296689852
Pool & Hot Tub Service	Home Services	50.4694340121
Pool Cleaners	Home Services	93.1330615254
Pool Halls	Nightlife	29.7133536265
Pop-Up Restaurants	Nightlife	0.0216494182668
Pop-up Shops	Shopping	0.650717026882
Popcorn Shops	Food	8.76131509004
Portuguese	Seafood	14.3763290729
Post Offices	Public Services & Government	27.449981769
Poutineries	Diners	19.7851909176
Powder Coating	Local Services	2.28192900794
Prenatal/Perinatal Care	Health & Medical	0.754608907121
Preschools	Education	48.9290247498
Pressure Washers	Home Services	23.0360156287
Pretzels	Food	11.641001168
Preventive Medicine	Health & Medical	0.259030058458
Print Media	Mass Media	16.2054975437
Printing Services	Local Services	187.46985939
Private Investigation	Professional Services	6.68412594074
Private Jet Charter	Hotels & Travel	0.233266951749
Private Schools	Event Planning & Services	0.00332792958911
Private Tutors	Education	5.57134584443
Process Servers	Professional Services	1.05882986624
Proctologists	Health & Medical	0.0807418798034
Product Design	Professional Services	0.490108855134
Professional Services	Home Services	221.35649652
Professional Sports Teams	Arts & Entertainment	11.2494945653
Propane	Local Services	3.52182243194
Property Management	Home Services	158.902190095
Prosthetics	Health & Medical	1.01806325978
Prosthodontists	Health & Medical	1.56330304171
Psychiatrists	Health & Medical	6.78243076837
Psychic Mediums	Arts & Entertainment	0.127362776981
Psychics & Astrologers	Arts & Entertainment	37.3403290616
Psychologists	Health & Medical	1.62802068431
Pub Food	American (Traditional)	0.538164209908
Public Art	Arts & Entertainment	0.0213953168197
Public Markets	Food	2.08353598553
Public Plazas	Active Life	0.0201166032498
Public Relations	Professional Services	4.75474686932
Public Services & Government	Landmarks & Historical Buildings	63.6562131925
Public Transportation	Hotels & Travel	33.3006063163
Pubs	Nightlife	609.248266993
Puerto Rican	Caribbean	12.8898637384
Pulmonologist	Health & Medical	1.18253692072
Pumpkin Patches	Shopping	0.303877418447
Qi Gong	Health & Medical	0.126389448962
RV Dealers	Automotive	32.6575344587
RV Parks	Hotels & Travel	28.3942770402
RV Rental	Hotels & Travel	31.5926033752
RV Repair	Automotive	20.3315468342
Race Tracks	Arts & Entertainment	9.72970429685
Races & Competitions	Active Life	17.4437641549
Racing Experience	Active Life	8.47349554062
Radio Stations	Mass Media	7.62242499579
Radiologists	Health & Medical	8.45952907668
Rafting/Kayaking	Active Life	15.7713880557
Ramen	Japanese	176.443071291
Ranches	Arts & Entertainment	0.311522106215
Real Estate	Home Services	929.268262086
Real Estate Agents	Home Services	142.297191751
Real Estate Law	Professional Services	5.3314695853
Real Estate Photography	Home Services	1.16615374282
Real Estate Services	Home Services	183.650348938
Recording & Rehearsal Studios	Local Services	3.81433912007
Recreation Centers	Active Life	23.5034946909
Recycling Center	Local Services	8.86724057956
Refinishing Services	Home Services	13.6829024699
Reflexology	Health & Medical	75.7978725313
Registration Services	Automotive	9.10372745986
Registry Office	Food	0.000748200911713
Rehabilitation Center	Health & Medical	31.8121447401
Reiki	Health & Medical	16.0873279881
Religious Items	Shopping	0.0597610288234
Religious Organizations	Churches	64.846150017
Religious Schools	Education	0.966154448545
Reptile Shops	Pets	1.42735824717
Resorts	Hotels & Travel	479.308391039
Rest Stops	Hotels & Travel	0.249401862121
Restaurant Supplies	Shopping	0.404763701547
Restaurants	Mexican	5641.03961669
Retirement Homes	Health & Medical	12.7048171418
Reunion	Food	0.129526746289
Rheumatologists	Health & Medical	1.37289072981
Roadside Assistance	Automotive	11.8567549345
Rock Climbing	Active Life	4.76936572869
Rodeo	Arts & Entertainment	0.0310978350387
Rolfing	Beauty & Spas	1.22891328044
Roof Inspectors	Home Services	0.761424287751
Roofing	Home Services	56.2758124739
Rotisserie Chicken	Mexican	0.410253035613
Rugs	Shopping	9.28828916763
Russian	Food	9.73599545825
Safe Stores	Home Services	0.467900931863
Sailing	Active Life	0.275290465106
Salad	Sandwiches	302.232801733
Salvadoran	Latin American	17.2946050697
Sandblasting	Local Services	0.172276909953
Sandwiches	Food	690.257908722
Saunas	Health & Medical	2.37270783292
Scandinavian	Polish	2.78744409186
Scavenger Hunts	Active Life	1.17967962324
Scooter Rentals	Automotive	0.80516492139
Scooter Tours	Active Life	0.48682796401
Scottish	British	9.58425525622
Screen Printing	Local Services	7.9175876907
Screen Printing/T-Shirt Printing	Local Services	17.880532721
Scuba Diving	Active Life	2.84264337542
Seafood	Steakhouses	453.098885005
Seafood Markets	Food	27.7566699568
Security Services	Professional Services	12.4178986279
Security Systems	Home Services	90.6462414526
Self Storage	Local Services	252.381226818
Self-defense Classes	Active Life	0.692777510752
Senegalese	African	0.413333333333
Senior Centers	Active Life	0.380247399707
Septic Services	Home Services	9.49685453218
Serbo Croatian	German	0.664295095215
Session Photography	Event Planning & Services	69.2741316477
Sewing & Alterations	Local Services	175.531231001
Sex Therapists	Health & Medical	0.400615642837
Shades & Blinds	Home Services	72.2179500467
Shanghainese	Chinese	5.36951583032
Shared Office Spaces	Home Services	4.82796642051
Shaved Ice	Food	51.3382359838
Shaved Snow	Food	1.59089055613
Shipping Centers	Local Services	92.6186657377
Shoe Repair	Local Services	64.4428625574
Shoe Shine	Local Services	3.34935797541
Shoe Stores	Shopping	88.1790781224
Shopping	Fashion	506.451961671
Shopping Centers	Shopping	94.0054224322
Shredding Services	Local Services	1.52866256247
Shutters	Home Services	17.7783232656
Signmaking	Professional Services	13.9307125306
Singaporean	Chinese	5.40608470268
Skate Parks	Active Life	2.17299760877
Skate Shops	Shopping	1.65497158903
Skating Rinks	Active Life	11.1369532743
Ski & Snowboard Shops	Shopping	1.64681964925
Ski Resorts	Hotels & Travel	8.32941836723
Ski Schools	Hotels & Travel	0.0448789347652
Skiing	Active Life	0.0478649511342
Skilled Nursing	Health & Medical	1.79900574843
Skin Care	Beauty & Spas	570.835326715
Skydiving	Active Life	8.15613860337
Sledding	Active Life	0.439281648047
Sleep Specialists	Health & Medical	3.01380518688
Slovakian	French	0.0996244130127
Smog Check Stations	Automotive	88.8833404673
Smokehouse	Food	30.8777223111
Snorkeling	Active Life	0.0658822297503
Snow Removal	Local Services	1.67488693812
Soba	Beauty & Spas	0.0588329558403
Soccer	Active Life	4.65407644534
Social Clubs	Arts & Entertainment	34.2337970684
Social Security Law	Professional Services	0.316551300556
Software Development	Professional Services	4.08788450744
Solar Installation	Home Services	32.5208917489
Solar Panel Cleaning	Home Services	1.04388766237
Soul Food	Southern	101.660534777
Soup	Salad	133.853136829
South African	African	2.42644752265
Southern	American (New)	155.877895659
Souvenir Shops	Shopping	7.83826876107
Spanish	Tapas Bars	88.6060984917
Speakeasies	Nightlife	5.37732566728
Special Education	Education	5.22637885108
Specialty Food	Food	600.660864183
Specialty Schools	Education	109.730362831
Speech Therapists	Health & Medical	3.97918027349
Spin Classes	Active Life	1.76685577173
Spine Surgeons	Health & Medical	1.6625384407
Spiritual Shop	Shopping	2.8560724288
Sporting Goods	Shopping	207.745272783
Sports Bars	Nightlife	572.221588079
Sports Clubs	Active Life	48.6929277207
Sports Medicine	Health & Medical	28.5246286652
Sports Psychologists	Active Life	0.0364958601806
Sports Wear	Shopping	32.7278686735
Spray Tanning	Beauty & Spas	78.3750729828
Squash	Active Life	0.31890578304
Sri Lankan	Indian	3.76221639215
Stadiums & Arenas	Arts & Entertainment	61.374086897
Steakhouses	Seafood	453.098885005
Storefront Clinics	Health & Medical	0.143652132725
Street Art	Arts & Entertainment	4.42415468744
Street Vendors	Food	51.0088922393
Structural Engineers	Home Services	1.63449930995
Stucco Services	Home Services	2.16923044661
Sugar Shacks	Food	0.250734998861
Sugaring	Beauty & Spas	12.7743498903
Summer Camps	Active Life	10.903593398
Supper Clubs	American (Traditional)	1.14938929393
Surf Schools	Beauty & Spas	0.00379283559263
Surf Shop	Shopping	0.56948426052
Surfing	Active Life	0.189477771273
Surgeons	Health & Medical	7.58824826812
Sushi Bars	Japanese	1350.075178
Swabian	German	23.1009754314
Swimming Lessons/Schools	Active Life	4.09224139578
Swimming Pools	Active Life	88.8355179486
Swimwear	Shopping	5.1430190399
Swiss Food	German	0.3125
Synagogues	Religious Organizations	0.54746563389
Syrian	Middle Eastern	0.67225602075
Szechuan	Chinese	71.0585099278
TV Mounting	Home Services	4.48814170509
Tabletop Games	Shopping	5.01096235376
Tableware	Shopping	0.0629799292095
Tacos	Mexican	117.015203688
Taekwondo	Active Life	2.63013841455
Tai Chi	Active Life	1.95470183691
Taiwanese	Chinese	64.0373549105
Talent Agencies	Professional Services	7.55816674111
Tanning	Beauty & Spas	212.214861485
Tanning Beds	Beauty & Spas	13.680173273
Tapas Bars	Spanish	88.6060984917
Tapas/Small Plates	Japanese	108.480554177
Tasting Classes	Food	1.73799010367
Tattoo	Beauty & Spas	461.069326078
Tattoo Removal	Health & Medical	16.6449264938
Tax Law	Professional Services	1.98225363209
Tax Services	Financial Services	28.5938028225
Taxidermy	Pets	0.25667050599
Taxis	Hotels & Travel	107.05854465
Tea Rooms	Food	92.3760877415
Teacher Supplies	Food	0.000597155421808
Team Building Activities	Active Life	5.57736666439
Teeth Whitening	Beauty & Spas	9.59879128077
Telecommunications	Local Services	8.31816739635
Television Service Providers	Home Services	37.1588871212
Television Stations	Mass Media	13.5852192175
Tempura	Japanese	0.0892199298268
Tenant and Eviction Law	Home Services	0.266122969166
Tennis	Active Life	5.51612345837
Teppanyaki	Japanese	24.0842452645
Test Preparation	Education	7.09731412389
Tex-Mex	Mexican	230.227310767
Thai	Food	158.007422222
Themed Cafes	Cafes	1.13437690619
Threading Services	Beauty & Spas	43.2092671613
Thrift Stores	Shopping	50.4594260176
Ticket Sales	Arts & Entertainment	33.0777838689
Tickets	Shopping	0.0720405068828
Tiki Bars	Nightlife	18.338322486
Tiling	Home Services	15.4210297515
Tires	Automotive	436.000311439
Title Loans	Financial Services	3.51963817136
Tobacco Shops	Shopping	267.28487357
Tonkatsu	Japanese	0.0892199298268
Tours	Hotels & Travel	358.029491378
Towing	Automotive	148.570995605
Town Car Service	Hotels & Travel	1.9690754774
Town Hall	Nightlife	0.000677429453428
Toxicologists	Beauty & Spas	0.00569989930976
Toy Stores	Shopping	59.62385797
Traditional Chinese Medicine	Health & Medical	15.3896575885
Traditional Clothing	Shopping	0.0891267453444
Traffic Schools	Education	1.77236200357
Traffic Ticketing Law	Professional Services	6.72398955443
Trailer Dealers	Automotive	1.89619888971
Trailer Rental	Automotive	0.234676795145
Trailer Repair	Automotive	3.06077894529
Train Stations	Hotels & Travel	6.79390102887
Trainers	Active Life	186.268124555
Trains	Hotels & Travel	2.50628633363
Trampoline Parks	Active Life	15.8863614975
Translation Services	Professional Services	1.86340654185
Transmission Repair	Automotive	75.0198913572
Transportation	Hotels & Travel	511.717848572
Travel Agents	Hotels & Travel	6.48903677149
Travel Services	Hotels & Travel	141.239498359
Tree Services	Home Services	73.2296103049
Trinidadian	Caribbean	3.00232708573
Trivia Hosts	Event Planning & Services	0.0879519715706
Trophy Shops	Shopping	5.26321518565
Truck Rental	Automotive	26.5103870798
Trusts	Professional Services	1.18284048609
Tubing	Active Life	1.8367966198
Tui Na	Health & Medical	0.436709066576
Turkish	Mediterranean	25.7967149557
Tuscan	Nightlife	2.61215366914
Tutoring Centers	Education	6.51252601203
Udon	Japanese	0.54765244848
Ukrainian	Tapas Bars	3.96818453256
Uniforms	Shopping	10.5398152358
University Housing	Home Services	15.354631735
Unofficial Yelp Events	Active Life	0.23553679631
Urgent Care	Health & Medical	129.809462231
Urologists	Health & Medical	7.42977354803
Used	Shopping	44.8355740393
Used Bookstore	Shopping	0.479795867322
Used Car Dealers	Automotive	57.8977643119
Utilities	Home Services	18.0071546673
Uzbek	Russian	0.747561764716
Vacation Rental Agents	Hotels & Travel	9.92014124991
Vacation Rentals	Hotels & Travel	93.1854542751
Valet Services	Event Planning & Services	1.97203496457
Vape Shops	Shopping	226.033721995
Vascular Medicine	Health & Medical	0.19793889722
Vegan	Vegetarian	216.224318306
Vegetarian	Vegan	216.224318306
Vehicle Shipping	Automotive	10.8425615608
Vehicle Wraps	Automotive	13.4953983003
Venezuelan	Latin American	20.4808438739
Venues & Event Spaces	Event Planning & Services	597.743552035
Veterans Organizations	Food	0.000212000966972
Veterinarians	Pets	445.091765024
Video Game Stores	Shopping	2.70720576377
Video/Film Production	Professional Services	16.1381270867
Videographers	Event Planning & Services	16.2820101641
Videos & Video Game Rental	Shopping	9.76563813674
Vietnamese	Chinese	115.838015941
Vintage & Consignment	Shopping	44.8355740393
Vinyl Records	Shopping	8.09066151139
Vinyl Siding	Home Services	3.48760833308
Visitor Centers	Hotels & Travel	0.0930152908493
Vitamins & Supplements	Shopping	15.8853983655
Vocational & Technical School	Education	5.86948578676
Waffles	Breakfast & Brunch	27.2274822452
Waldorf Schools	Education	0.0997350972849
Walk-in Clinics	Health & Medical	4.82222997223
Walking Tours	Hotels & Travel	7.15522480187
Wallpapering	Home Services	0.131391369492
Watch Repair	Local Services	29.2223075528
Watches	Shopping	53.4656114509
Water Delivery	Local Services	6.59715922831
Water Heater Installation/Repair	Home Services	78.3873672738
Water Parks	Active Life	9.73401692904
Water Purification Services	Home Services	34.7698963758
Water Stores	Food	2.2774394215
Waterproofing	Home Services	3.05762978678
Waxing	Beauty & Spas	440.712671809
Web Design	Professional Services	42.6938787628
Wedding Chapels	Event Planning & Services	41.3473092774
Wedding Planning	Event Planning & Services	150.21187769
Weight Loss Centers	Health & Medical	58.6996553181
Well Drilling	Home Services	0.082234934098
Wheel & Rim Repair	Automotive	63.8917954649
Whiskey Bars	Nightlife	18.6757704066
Wholesale Stores	Shopping	36.9397507291
Wholesalers	Professional Services	3.23326202726
Wigs	Shopping	8.8685054106
Wildlife Control	Local Services	3.56291404095
Wills	Professional Services	1.18284048609
Window Washing	Home Services	45.9286871412
Windows Installation	Home Services	46.5237978784
Windshield Installation & Repair	Automotive	94.4177066443
Wine & Spirits	Food	350.213166302
Wine Bars	Nightlife	446.695144762
Wine Tasting Classes	Education	0.100610859706
Wine Tasting Room	Food	2.69414574264
Wine Tours	Hotels & Travel	2.37200360501
Wineries	Food	19.3929773891
Wok	Chinese	0.171705776985
Women's Clothing	Shopping	146.411370836
Workers Compensation Law	Professional Services	2.42512864552
Wraps	Food	7.99813201506
Yelp Events	Local Flavor	4.14004799724
Yoga	Active Life	129.697658899
Ziplining	Active Life	8.43605934716
